timestamp,latitude,longitude,zoom,image_path,image_prompt,image_model,image_description,text_prompt,text_model,text_description,danger
2026-03-17T09:56:58,-19.0,23.0,11,/Users/justus/Desktop/adpro/Group_K/images/img_-19-0_23-0_11.png,"You are an environmental analyst. Describe in detail what you see in this satellite image. Focus on land use, vegetation, water bodies, urban presence, and any visible signs of degradation or deforestation.",llava:7b,"This is a satellite image displaying a landscape view of a particular area. The image is characterized by a variety of land cover types, which include patches of forested areas, water bodies, and what appears to be areas with human-made structures. The vegetation within the image shows a mix of green and brownish tones, suggesting a range of vegetation types.

Forested areas are predominantly found in the northern part of the image and in smaller patches throughout the image, with the most significant coverage of forest being located in the top left and right corners. These areas display a range of shades of green, indicating a variety of vegetation density and types.

Water bodies, including rivers and lakes, are visible in the image, with a prominent river meandering through the middle of the image, and smaller bodies of water scattered throughout the landscape. The water bodies have varying tones of blue and green, depending on the depth and clarity of the water.

Urban areas are present in the lower part of the image, featuring a mix of gray and brown colors that indicate the presence of buildings and infrastructure. The urban areas are interspersed with patches of green, indicating that there are some green spaces within these areas.

There are no clear signs of degradation or deforestation in this image. The land cover appears relatively stable, with no visible signs of recent clearance or large-scale destruction. The image provides a snapshot of a relatively undisturbed landscape, with a mix of natural and human-made features.","You are an environmental risk assessor. Given the following description of a satellite image, generate three yes/no questions that would determine if the area is at environmental risk, then answer each one. Conclude with an overall verdict: DANGER or SAFE.

This is a satellite image displaying a landscape view of a particular area. The image is characterized by a variety of land cover types, which include patches of forested areas, water bodies, and what appears to be areas with human-made structures. The vegetation within the image shows a mix of green and brownish tones, suggesting a range of vegetation types.

Forested areas are predominantly found in the northern part of the image and in smaller patches throughout the image, with the most significant coverage of forest being located in the top left and right corners. These areas display a range of shades of green, indicating a variety of vegetation density and types.

Water bodies, including rivers and lakes, are visible in the image, with a prominent river meandering through the middle of the image, and smaller bodies of water scattered throughout the landscape. The water bodies have varying tones of blue and green, depending on the depth and clarity of the water.

Urban areas are present in the lower part of the image, featuring a mix of gray and brown colors that indicate the presence of buildings and infrastructure. The urban areas are interspersed with patches of green, indicating that there are some green spaces within these areas.

There are no clear signs of degradation or deforestation in this image. The land cover appears relatively stable, with no visible signs of recent clearance or large-scale destruction. The image provides a snapshot of a relatively undisturbed landscape, with a mix of natural and human-made features.",qwen3.5:4b,"Based on the satellite image description provided, here are three yes/no questions designed to assess environmental risk, followed by their answers and an overall verdict:

**Question 1:** Are there visible signs of recent large-scale deforestation or significant land clearance occurring within the forested areas?
**Answer:** No. The assessment notes there are ""no clear signs of degradation or deforestation"" and the land cover appears stable with no visible signs of recent clearance.

**Question 2:** Do the urban areas show indicators of rapid, uncontrolled expansion that is encroaching upon natural habitats?
**Answer:** No. While human-made structures are present in the lower part of the image, they are described as interspersed with green patches, and there is no mention of aggressive urban sprawl destroying the surrounding environment.

**Question 3:** Is there evidence of water pollution or severe ecological disturbance (such as algal blooms or sedimentation) affecting the prominent river and scattered lakes?
**Answer:** No. The water bodies display ""varying tones of blue and green, depending on the depth and clarity,"" which suggests varying natural states rather than abnormal pollution events.

### Overall Verdict: SAFE",SAFE
2026-03-17T10:07:01,39.0,-107.8,14,/Users/justus/Desktop/adpro/Group_K/images/img_39-0_-107-8_14.png,"You are an environmental analyst. Describe in detail what you see in this satellite image. Focus on land use, vegetation, water bodies, urban presence, and any visible signs of degradation or deforestation.",llava:7b,"As an environmental analyst, I can observe several key aspects in this satellite image:

1. **Land Use**: The image shows a mix of land use types. There are large areas of forested land, which cover the majority of the landscape. The greenery suggests that this could be a region with a high level of biodiversity. There are also large open areas that appear to be agricultural fields, which are likely used for farming or cultivation.

2. **Vegetation**: The forests are dense, with a lush green color indicating healthy vegetation. The vegetation is mostly in shades of green, with some brown areas, possibly indicating areas of dead or stressed vegetation.

3. **Water Bodies**: There are several small water bodies visible in the image. These could be rivers, lakes, or streams, which are essential for the region's ecosystem.

4. **Urban Presence**: There are signs of urbanization visible in the image. The presence of what appears to be a road network suggests human settlements or infrastructure nearby. The road system is fragmented and does not appear to be densely developed.

5. **Deforestation or Degradation**: There is a noticeable area of deforestation or degradation on the right side of the image. This is characterized by a change in color and texture, indicating that the area has been cleared of its vegetation. The deforested area is relatively small compared to the overall extent of forest cover in the image.

6. **Disturbance**: There are also signs of disturbance or human activity, such as a clear boundary between the forested and deforested areas. This could indicate recent logging activities or agricultural expansion.

Overall, the image presents a mix of natural and human-made elements, with some signs of human impact on the landscape. The majority of the area is covered by forest, and the water bodies are dispersed throughout the landscape. The image suggests that this is a region with both natural and human-made features, and it is important to balance the needs of both in order to maintain the environmental health of the area.","You are an environmental risk assessor. Given the following description of a satellite image, generate three yes/no questions that would determine if the area is at environmental risk, then answer each one. Conclude with an overall verdict: DANGER or SAFE.

As an environmental analyst, I can observe several key aspects in this satellite image:

1. **Land Use**: The image shows a mix of land use types. There are large areas of forested land, which cover the majority of the landscape. The greenery suggests that this could be a region with a high level of biodiversity. There are also large open areas that appear to be agricultural fields, which are likely used for farming or cultivation.

2. **Vegetation**: The forests are dense, with a lush green color indicating healthy vegetation. The vegetation is mostly in shades of green, with some brown areas, possibly indicating areas of dead or stressed vegetation.

3. **Water Bodies**: There are several small water bodies visible in the image. These could be rivers, lakes, or streams, which are essential for the region's ecosystem.

4. **Urban Presence**: There are signs of urbanization visible in the image. The presence of what appears to be a road network suggests human settlements or infrastructure nearby. The road system is fragmented and does not appear to be densely developed.

5. **Deforestation or Degradation**: There is a noticeable area of deforestation or degradation on the right side of the image. This is characterized by a change in color and texture, indicating that the area has been cleared of its vegetation. The deforested area is relatively small compared to the overall extent of forest cover in the image.

6. **Disturbance**: There are also signs of disturbance or human activity, such as a clear boundary between the forested and deforested areas. This could indicate recent logging activities or agricultural expansion.

Overall, the image presents a mix of natural and human-made elements, with some signs of human impact on the landscape. The majority of the area is covered by forest, and the water bodies are dispersed throughout the landscape. The image suggests that this is a region with both natural and human-made features, and it is important to balance the needs of both in order to maintain the environmental health of the area.",qwen3.5:4b,"As an environmental risk assessor, I have analyzed the satellite imagery description to determine the ecological status of the area. Below are three diagnostic questions designed to pinpoint specific risk factors, followed by my answers based on the provided data.

### Diagnostic Questions and Answers

**Question 1:** Is there significant evidence of recent land-use change, such as deforestation or conversion of natural habitats for agriculture?
*   **Answer:** **No.** While there is a noticeable area of deforestation or degradation on the right side, the analysis notes that this area is ""relatively small compared to the overall extent of forest cover."" The primary landscape remains intact forested land.

**Question 2:** Does the vegetation health show widespread distress that threatens ecosystem stability?
*   **Answer:** **No.** Although there are some brown areas suggesting localized stress or dead vegetation, the description emphasizes that the forests are ""dense"" and have a ""lush green color,"" indicating healthy vegetation overall rather than catastrophic failure.

**Question 3:** Is the anthropogenic footprint (urbanization and infrastructure) so dense as to constitute an immediate threat of habitat fragmentation?
*   **Answer:** **No.** The urban presence is described as having a ""fragmented"" road network that does not appear to be ""densely developed."" This suggests limited human infrastructure compared to the natural landscape.

### Final Verdict

Based on the assessment that the area retains the majority of its forest cover, exhibits only localized signs of deforestation relative to its size, and lacks dense urban development or widespread vegetation collapse, the environmental integrity of the region remains largely intact. The presence of some human activity and minor degradation does not cross the threshold into critical instability.

**Overall Verdict: SAFE**",SAFE
2026-03-17T10:09:45,-19.3,22.9,10,/Users/justus/Desktop/adpro/Group_K/images/img_-19-3_22-9_10.png,"You are an environmental analyst. Describe in detail what you see in this satellite image. Focus on land use, vegetation, water bodies, urban presence, and any visible signs of degradation or deforestation.",llava:7b,"This is a satellite image that provides a broad, high-altitude perspective of a landscape. The image shows a vast area with a variety of land cover types. There are large expanses of what appears to be forested areas, characterized by green canopy suggesting dense vegetation, indicating that these areas are likely rich in biodiversity. There are also patches that look like agricultural fields or cleared areas, which are more uniform in color and texture, hinting at human activity or land management practices.

There are several water bodies visible, such as lakes or rivers, which are important for local ecosystems and water resources. The water bodies are usually surrounded by vegetation or land cover types that may indicate buffer zones or shorelines.

Urban presence is minimal, with only a few isolated patches that could be settlements or towns. These areas are characterized by a mix of land cover types that suggest human activity, including roads, buildings, and possibly infrastructure like power lines or pipes.

There are no visible signs of degradation or deforestation, which would be indicated by large areas of bare land, clearings without vegetation, or patchy distribution of land cover types.

The image does not provide specific details about soil type, topography, or elevation changes. However, the presence of mountains in the background and the river running through the landscape suggests a varied topography.

Overall, the image presents a snapshot of a natural landscape, with a mix of forested and land-managed areas, water bodies, and minimal urban presence. There are no obvious signs of degradation or deforestation, but the presence of human activity suggests a balance between nature and human settlements.","You are an environmental risk assessor. Given the following description of a satellite image, generate three yes/no questions that would determine if the area is at environmental risk, then answer each one. Conclude with an overall verdict: DANGER or SAFE.

This is a satellite image that provides a broad, high-altitude perspective of a landscape. The image shows a vast area with a variety of land cover types. There are large expanses of what appears to be forested areas, characterized by green canopy suggesting dense vegetation, indicating that these areas are likely rich in biodiversity. There are also patches that look like agricultural fields or cleared areas, which are more uniform in color and texture, hinting at human activity or land management practices.

There are several water bodies visible, such as lakes or rivers, which are important for local ecosystems and water resources. The water bodies are usually surrounded by vegetation or land cover types that may indicate buffer zones or shorelines.

Urban presence is minimal, with only a few isolated patches that could be settlements or towns. These areas are characterized by a mix of land cover types that suggest human activity, including roads, buildings, and possibly infrastructure like power lines or pipes.

There are no visible signs of degradation or deforestation, which would be indicated by large areas of bare land, clearings without vegetation, or patchy distribution of land cover types.

The image does not provide specific details about soil type, topography, or elevation changes. However, the presence of mountains in the background and the river running through the landscape suggests a varied topography.

Overall, the image presents a snapshot of a natural landscape, with a mix of forested and land-managed areas, water bodies, and minimal urban presence. There are no obvious signs of degradation or deforestation, but the presence of human activity suggests a balance between nature and human settlements.",qwen3.5:4b,"Based on the satellite image description provided, here are three yes/no questions designed to assess environmental risk, followed by their answers and an overall verdict.

### Risk Assessment Questions & Answers

**Question 1: Are there visible signs of widespread deforestation or significant land degradation (such as large bare patches or soil erosion) in the landscape?**
*   **Answer:** No. The description explicitly states there are ""no visible signs of degradation or deforestation"" and notes the presence of ""large expanses... characterized by green canopy.""

**Question 2: Does the area exhibit a high density of concentrated human infrastructure that typically correlates with elevated pollution or waste management risks?**
*   **Answer:** No. While human activity is present, it is described as ""minimal,"" consisting only of ""isolated patches"" of settlements with roads and buildings, rather than dense urban sprawl.

**Question 3: Is the landscape currently experiencing rapid uncontrolled expansion into natural habitats (e.g., agricultural conversion of forests without buffer zones)?**
*   **Answer:** No. The image shows a balance between forested areas and agricultural fields that appear as ""managed"" or ""cleared areas,"" and specific mention is made of vegetation surrounding water bodies indicating established buffer zones.

***

### Overall Verdict

**SAFE**

**Reasoning:** The assessment indicates a healthy ecosystem with high biodiversity, supported by dense vegetation and adequate water resources. Although there is human activity (agriculture and minimal urbanization), it appears controlled and integrated rather than destructive. There are no immediate indicators of major ecological threats such as deforestation, erosion, or unchecked urban expansion based on the visual data provided.",SAFE
2026-03-17T10:12:31,0.9,114.0,8,/Users/justus/Desktop/adpro/Group_K/images/img_0-9_114-0_8.png,"You are an environmental analyst. Describe in detail what you see in this satellite image. Focus on land use, vegetation, water bodies, urban presence, and any visible signs of degradation or deforestation.",llava:7b,"In the satellite image provided, we can observe a complex landscape with a variety of features that indicate a mix of natural and human-made elements. Here's a detailed analysis:

**Land Use:** The image shows a predominantly rural landscape with a mixture of natural and human-made features. The most prominent land use appears to be forested areas, indicated by the darker green color, which cover a significant portion of the image. There are also areas with lighter green color, likely indicating agricultural or grassy land. The presence of roads or paths can be inferred from the thin, linear features cutting through the landscape.

**Vegetation:** The vegetation in the image is rich and diverse, with the most prominent being the darker green areas that represent dense forest or possibly crops. There are also patches of lighter green areas that suggest agricultural fields or grasslands.

**Water Bodies:** There are several bodies of water visible in the image. The most noticeable are the bodies of water outlined by darker shades of blue and black, possibly indicating rivers or lakes. These bodies of water are scattered throughout the landscape, suggesting a relatively moist environment.

**Urban Presence:** There is no visible urban development in the image. The absence of roads or buildings suggests a rural or less densely populated area.

**Deforestation or Degradation:** There are no clear signs of deforestation or degradation in the image. The forests appear to be relatively intact, with no significant areas of bare ground or clearance indicative of deforestation.

**Mountains:** The image shows a mountainous region with steep slopes and a rugged terrain. The presence of hills and mountains indicates a diverse topography.

**Cloud Cover:** There is a small area of white in the upper right corner of the image, which could be clouds. The presence of clouds suggests that the image may have been taken on a partly cloudy day.

The overall impression from the image is that of a healthy, forested area with a mix of human-made roads or paths and a variety of natural features. There is no clear evidence of significant degradation or deforestation in this area.","You are an environmental risk assessor. Given the following description of a satellite image, generate three yes/no questions that would determine if the area is at environmental risk, then answer each one. Conclude with an overall verdict: DANGER or SAFE.

In the satellite image provided, we can observe a complex landscape with a variety of features that indicate a mix of natural and human-made elements. Here's a detailed analysis:

**Land Use:** The image shows a predominantly rural landscape with a mixture of natural and human-made features. The most prominent land use appears to be forested areas, indicated by the darker green color, which cover a significant portion of the image. There are also areas with lighter green color, likely indicating agricultural or grassy land. The presence of roads or paths can be inferred from the thin, linear features cutting through the landscape.

**Vegetation:** The vegetation in the image is rich and diverse, with the most prominent being the darker green areas that represent dense forest or possibly crops. There are also patches of lighter green areas that suggest agricultural fields or grasslands.

**Water Bodies:** There are several bodies of water visible in the image. The most noticeable are the bodies of water outlined by darker shades of blue and black, possibly indicating rivers or lakes. These bodies of water are scattered throughout the landscape, suggesting a relatively moist environment.

**Urban Presence:** There is no visible urban development in the image. The absence of roads or buildings suggests a rural or less densely populated area.

**Deforestation or Degradation:** There are no clear signs of deforestation or degradation in the image. The forests appear to be relatively intact, with no significant areas of bare ground or clearance indicative of deforestation.

**Mountains:** The image shows a mountainous region with steep slopes and a rugged terrain. The presence of hills and mountains indicates a diverse topography.

**Cloud Cover:** There is a small area of white in the upper right corner of the image, which could be clouds. The presence of clouds suggests that the image may have been taken on a partly cloudy day.

The overall impression from the image is that of a healthy, forested area with a mix of human-made roads or paths and a variety of natural features. There is no clear evidence of significant degradation or deforestation in this area.",qwen3.5:4b,"Based on the satellite image description provided, here are three yes/no questions designed to assess environmental risk, followed by my analysis and verdict:

### Assessment Questions

**Question 1:** Is there a lack of vegetation coverage (such as bare ground, soil exposure, or significant deforestation) in any part of the landscape?
**Question 2:** Are there visible signs of heavy industrial development, large-scale urbanization, or intense agricultural runoff that typically degrades local ecosystems?
**Question 3:** Do the bodies of water appear contaminated by industrial waste or show signs of severe eutrophication (such as dead zones or abnormal algal blooms)?

### Analysis and Answers

*   **Answer to Question 1: NO.**
    The analysis explicitly states that there are ""no clear signs of deforestation or degradation"" and that the forests appear ""relatively intact."" While there is some lighter green suggesting agriculture, this is described as part of a healthy mix rather than bare ground exposure.
*   **Answer to Question 2: NO.**
    The description notes an absence of urban development. While human-made roads are present, they are characterized as linear features cutting through a rural landscape without accompanying buildings or infrastructure that would indicate industrial risk or heavy runoff sources.
*   **Answer to Question 3: NO.**
    There is no evidence in the description to suggest water contamination. The presence of blue and black areas indicates rivers or lakes but does not attribute them to pollution; instead, they are described within a context of a ""healthy"" environment.

### Overall Verdict

**SAFE**",SAFE
